Atom Name,LDA Energy,PBE Energy,B3LYP Energy,wB97x-D3 Energy,M06-2X Energy,Experimental Enthalpy Correction,Thermal Correction,LDA Enthalpy,PBE Enthalpy,B3LYP Enthalpy,B97X Enthalpy,M062X Enthalpy,Final Atom LDA Enthalpy,Final Atom PBE Enthalpy,Final Atom B3LYP Enthalpy,Final Atom B97X Enthalpy,Final Atom M062X Enthalpy
Hydrogen,-0.477468637434,-0.498630329723,-0.497859905438,-0.501331508666,-0.497411951714,0.08303142259,0.002360330508474576,-0.4751083069255254,-0.4962699992145254,-0.49549957492952545,-0.4989711781575254,-0.4950516212055254,-0.5581397295155254,-0.5793014218045254,-0.5785309975195254,-0.5820026007475254,-0.5780830437955254
Carbon,-37.421651108686,-37.751251274353,-37.792719152309,-37.800790395438,-37.796245205874,0.2729651495,0.002360330508474576,-37.419290778177526,-37.74889094384453,-37.790358821800524,-37.798430064929526,-37.79388487536553,-37.69225592767753,-38.02185609334453,-38.06332397130053,-38.07139521442953,-38.06685002486553
Nitrogen,-54.066167392499,-54.466602840445,-54.51278401216,-54.525165863167,-54.52148944407,0.1800354218,0.002360330508474576,-54.06380706199052,-54.464242509936525,-54.510423681651524,-54.52280553265852,-54.519129113561526,-54.24384248379052,-54.644277931736525,-54.69045910345152,-54.70284095445852,-54.699164535361525
Oxygen,-74.429248977227,-74.914710913285,-74.97133617328,-74.979543445101,-74.972596284415,0.09490497048,0.002360330508474576,-74.42688864671852,-74.91235058277653,-74.96897584277151,-74.97718311459252,-74.97023595390652,-74.52179361719853,-75.00725555325653,-75.06388081325152,-75.07208808507252,-75.06514092438653
Fluorine,-98.976924461665,-99.539830513852,-99.606599437573,-99.616266912663,-99.608270938827,0.0302380499,0.002360330508474576,-98.97456413115653,-99.53747018334352,-99.60423910706452,-99.61390658215451,-99.60591060831852,-99.00480218105653,-99.56770823324352,-99.63447715696452,-99.64414463205452,-99.63614865821853
Chlorine,-458.486569635973,-459.797182213535,-459.940801121896,-459.990004730382,-459.976112060229,0.04620148543,0.002360330508474576,-458.48420930546456,-459.79482188302654,-459.93844079138756,-459.98764439987355,-459.97375172972056,-458.53041079089456,-459.84102336845655,-459.98464227681757,-460.03384588530355,-460.01995321515057
